Workbook

Sheet Sheet1
A1: pass | B1: total | C1: search | D1: tak3 | E1: tak2 | F1: tak1 | G1: final | H1: midterm | I1: name
A2: yes | B2: =H2*6/10+G2*6/10+(F2+E2+D2)*5/60+C2*3/20 -> 16.610417 | C2: =تحقیق!A5 -> 17.625 | D2: 15.5 | E2: 18.6 | F2: 16.5 | G2: 8.75 | H2: 7.5 | I2: دانشجوی 1
A3: yes | B3: =H3*6/10+G3*6/10+(F3+E3+D3)*5/60+C3*3/20 -> 13.412083 | C3: =تحقیق!A6 -> 19.525 | D3: 17.5 | E3: 16.5 | F3: 0 | G3: 6.5 | H3: 6.25 | I3: دانشجوی 2
A4: no | B4: =H4*6/10+G4*6/10+(F4+E4+D4)*5/60+C4*3/20 -> 10.91625 | C4: =تحقیق!A7 -> 13.775 | D4: 8.5 | E4: 17.5 | F4: 10 | G4: 5.75 | H4: 4 | I4: دانشجوی 3
A5: yes | B5: =H5*6/10+G5*6/10+(F5+E5+D5)*5/60+C5*3/20 -> 15.215 | C5: =تحقیق!A8 -> 18.1 | D5: 20 | E5: 20 | F5: 20 | G5: 7.5 | H5: 5 | I5: دانشجوی 4
A6: yes | B6: =H6*6/10+G6*6/10+(F6+E6+D6)*5/60+C6*3/20 -> 16.66125 | C6: =تحقیق!A9 -> 18.575 | D6: 20 | E6: 20.5 | F6: 18 | G6: 6.25 | H6: 8.75 | I6: دانشجوی 5
A7: yes | B7: =H7*6/10+G7*6/10+(F7+E7+D7)*5/60+C7*3/20 -> 17.672708 | C7: =تحقیق!A10 -> 13.7625 | D7: 18.5 | E7: 19.2 | F7: 14.6 | G7: 8.75 | H7: 10 | I7: دانشجوی 6
A8: yes | B8: =H8*6/10+G8*6/10+(F8+E8+D8)*5/60+C8*3/20 -> 14.644271 | C8: =تحقیق!A11 -> 17.40625 | D8: 20.5 | E8: 15 | F8: 13.5 | G8: 7 | H8: 6.25 | I8: دانشجوی 7
A9: yes | B9: =H9*6/10+G9*6/10+(F9+E9+D9)*5/60+C9*3/20 -> 18.786562 | C9: =تحقیق!A13 -> 17.74375 | D9: 19 | E9: 20.5 | F9: 19 | G9: 8.75 | H9: 10 | I9: دانشجوی 8
A10: yes | B10: =H10*6/10+G10*6/10+(F10+E10+D10)*5/60+C10*3/20 -> 16.30375 | C10: =تحقیق!A15 -> 17.625 | D10: 18 | E10: 20 | F10: 19 | G10: 8.75 | H10: 6.1 | I10: دانشجوی 9
A11: yes | B11: =H11*6/10+G11*6/10+(F11+E11+D11)*5/60+C11*3/20 -> 14.539792 | C11: =تحقیق!A16 -> 18.2875 | D11: 19.5 | E11: 20 | F11: 17.1 | G11: 4.3 | H11: 7.5 | I11: دانشجوی 10
A12: yes | B12: =H12*6/10+G12*6/10+(F12+E12+D12)*5/60+C12*3/20 -> 18.398333 | C12: =تحقیق!A18 -> 18.1 | D12: 17 | E12: 18.5 | F12: 17.7 | G12: 8.75 | H12: 10 | I12: دانشجوی 11
A13: yes | B13: =H13*6/10+G13*6/10+(F13+E13+D13)*5/60+C13*3/20 -> 13.866458 | C13: =تحقیق!A19 -> 17.3875 | D13: 12 | E13: 19.5 | F13: 19 | G13: 3 | H13: 8.75 | I13: دانشجوی 12
A14: yes | B14: =H14*6/10+G14*6/10+(F14+E14+D14)*5/60+C14*3/20 -> 13.879375 | C14: =تحقیق!A20 -> 15.8625 | D14: 1 | E14: 15 | F14: 14 | G14: 8.75 | H14: 6.25 | I14: دانشجوی 13
A15: yes | B15: =H15*6/10+G15*6/10+(F15+E15+D15)*5/60+C15*3/20 -> 14.736375 | C15: =تحقیق!A21 -> 5.7425 | D15: 11 | E15: 20.5 | F15: 18 | G15: 7.5 | H15: 8.75 | I15: دانشجوی 14
A16: no | B16: =H16*6/10+G16*6/10+(F16+E16+D16)*5/60+C16*3/20 -> 11.390417 | C16: =تحقیق!A22 -> 11.825 | D16: 9 | E16: 20 | F16: 18 | G16: 5 | H16: 4.5 | I16: دانشجوی 15
A17: yes | B17: =H17*6/10+G17*6/10+(F17+E17+D17)*5/60+C17*3/20 -> 17.934167 | C17: =تحقیق!A23 -> 16.45 | D17: 19.5 | E17: 22.3 | F17: 17.8 | G17: 8.75 | H17: 8.75 | I17: دانشجوی 16
A18: ys | B18: =H18*6/10+G18*6/10+(F18+E18+D18)*5/60+C18*3/20 -> 18.206875 | C18: =تحقیق!A24 -> 18.7125 | D18: 19 | E18: 20 | F18: 18 | G18: 7.75 | H18: 10 | I18: دانشجوی 17
A19: no | B19: =H19*6/10+G19*6/10+(F19+E19+D19)*5/60+C19*3/20 -> 6.7733333 | C19: 0 | D19: 0 | E19: 19.5 | F19: 17.5 | G19: 0.75 | H19: 5.4 | I19: دانشجوی 18
A20: yes | B20: =H20*6/10+G20*6/10+(F20+E20+D20)*5/60+C20*3/20 -> 18.469583 | C20: =تحقیق!A26 -> 18.575 | D20: 16 | E20: 19.5 | F20: 17.7 | G20: 8.75 | H20: 10 | I20: دانشجوی 19
A21: no | B21: =H21*6/10+G21*6/10+(F21+E21+D21)*5/60+C21*3/20 -> 11.286667 | C21: 17 | D21: 15 | E21: 18 | F21: 20 | G21: 2.2 | H21: 5 | I21: دانشجوی 20
A22: yes | B22: =H22*6/10+G22*6/10+(F22+E22+D22)*5/60+C22*3/20 -> 13.615 | C22: =تحقیق!A28 -> 18.1 | D22: 12 | E22: 20.5 | F22: 15.5 | G22: 6.75 | H22: 4.75 | I22: دانشجوی 21

Sheet تحقیق
D3: =SUM(E3:Q3) -> 20 | E3: 1 | F3: 1 | G3: 2 | H3: 2 | I3: 2 | J3: 2 | K3: 2 | L3: 2 | M3: 1 | N3: 2 | O3: 1 | P3: 1 | Q3: 1
A4: نمره کل گزارش | B4: تأخير | C4: نمره به دیگران | D4: جمع گزارش | E4: نتیجه گیری | F4: فرمولها | G4: بخش بندی و شماره گذاری مناسب | H4: مراجع | I4: رجوع در شکل و جدول | J4: رجوع در متن | K4: عنوان شکل و جدول | L4: صفحه بندی، پاراگراف بندی، و متن مناسب | M4: قلم مناسب | N4: معرفی در مقدمه | O4: فهرست | P4: چکیده | Q4: عنوان | R4: ارائه شفاهی | S4: شماره دانشجوئی | T4: نام | U4: نام خانوادگی | V4: ردیف
A5: =R5*9.5/20+D5*9.5/20+C5/10+B5 -> 17.625 | C5: 10 | D5: =SUM(E5:Q5) -> 17 | E5: 1 | F5: 1 | G5: 1 | H5: 2 | I5: 0 | J5: 2 | K5: 2 | L5: 2 | M5: 1 | N5: 2 | O5: 1 | P5: 1 | Q5: 1 | R5: 18 | S5: 9901665 | T5: زینب | U5: آقائی | V5: 1
A6: =R6*9.5/20+D6*9.5/20+C6/10+B6 -> 19.525 | C6: 10 | D6: =SUM(E6:Q6) -> 20 | E6: 1 | F6: 1 | G6: 2 | H6: 2 | I6: 2 | J6: 2 | K6: 2 | L6: 2 | M6: 1 | N6: 2 | O6: 1 | P6: 1 | Q6: 1 | R6: 19 | S6: 40000165 | T6: علی | U6: ایرانی دوست | V6: 2
A7: =R7*9.5/20+D7*9.5/20+C7/10+B7 -> 13.775 | D7: =SUM(E7:Q7) -> 12 | E7: 1 | F7: 1 | G7: 2 | H7: 0 | I7: 0 | J7: 2 | K7: 2 | L7: 1 | M7: 1 | N7: 0 | O7: 0 | P7: 1 | Q7: 1 | R7: 17 | S7: 9903175 | T7: حمیدرضا | U7: برزانی مفرد | V7: 3
A8: =R8*9.5/20+D8*9.5/20+C8/10+B8 -> 18.1 | C8: 10 | D8: =SUM(E8:Q8) -> 17.5 | E8: 1 | F8: 1 | G8: 2 | H8: 1.5 | I8: 2 | J8: 2 | K8: 2 | L8: 2 | M8: 1 | N8: 0 | O8: 1 | P8: 1 | Q8: 1 | R8: 18.5 | S8: 9907554 | T8: ارزو | U8: پری زنگنه | V8: 4
A9: =R9*9.5/20+D9*9.5/20+C9/10+B9 -> 18.575 | C9: 10 | D9: =SUM(E9:Q9) -> 18.5 | E9: 1 | F9: 1 | G9: 1 | H9: 1.5 | I9: 2 | J9: 2 | K9: 2 | L9: 2 | M9: 1 | N9: 2 | O9: 1 | P9: 1 | Q9: 1 | R9: 18.5 | S9: 9907644 | T9: مسعود | U9: پورفرزاد | V9: 5
A10: =R10*9.5/20+D10*9.5/20+C10/10+B10 -> 13.7625 | C10: 7 | D10: =SUM(E10:Q10) -> 11.5 | E10: 1 | F10: 0.5 | G10: 1 | H10: 0 | I10: 2 | J10: 2 | K10: 2 | L10: 1 | M10: 1 | N10: 0 | O10: 0 | P10: 0 | Q10: 1 | R10: 16 | S10: 9907884 | T10: فائزه | U10: تیموری | V10: 6
A11: =R11*9.5/20+D11*9.5/20+C11/10+B11 -> 17.40625 | C11: 9 | D11: =SUM(E11:Q11) -> 17 | E11: 1 | F11: 1 | G11: 2 | H11: 1.5 | I11: 0 | J11: 2 | K11: 2 | L11: 1.5 | M11: 1 | N11: 2 | O11: 1 | P11: 1 | Q11: 1 | R11: 17.75 | S11: 9903525 | T11: ازاده | U11: جعفری زاده دهاقانی | V11: 7
A12: =R12*9.5/20+D12*9.5/20+C12/10+B12 -> 0 | D12: =SUM(E12:Q12) -> 0 | S12: 9908264 | T12: عارف | U12: جهانگیری | V12: 8
A13: =R13*9.5/20+D13*9.5/20+C13/10+B13 -> 17.74375 | C13: 10 | D13: =SUM(E13:Q13) -> 17.5 | E13: 1 | F13: 1 | G13: 2 | H13: 2 | I13: 0 | J13: 2 | K13: 1.5 | L13: 2 | M13: 1 | N13: 2 | O13: 1 | P13: 1 | Q13: 1 | R13: 17.75 | S13: 9908414 | T13: ایمانه | U13: حاجی باقری فروشانی | V13: 9
A14: =R14*9.5/20+D14*9.5/20+C14/10+B14 -> 0 | D14: =SUM(E14:Q14) -> 0 | S14: 9908444 | T14: میثم | U14: حاجی حیدری | V14: 10
A15: =R15*9.5/20+D15*9.5/20+C15/10+B15 -> 17.625 | C15: 10 | D15: =SUM(E15:Q15) -> 16.5 | E15: 2 | F15: 1 | G15: 1 | H15: 1 | I15: 0 | J15: 2 | K15: 1.5 | L15: 2 | M15: 1 | N15: 2 | O15: 1 | P15: 1 | Q15: 1 | R15: 18.5 | S15: 9908484 | T15: عاطفه | U15: حاجیان | V15: 11
A16: =R16*9.5/20+D16*9.5/20+C16/10+B16 -> 18.2875 | D16: =SUM(E16:Q16) -> 19 | E16: 1 | F16: 1 | G16: 2 | H16: 2 | I16: 2 | J16: 2 | K16: 2 | L16: 2 | M16: 0.5 | N16: 2 | O16: 1 | P16: 1 | Q16: 0.5 | R16: 19.5 | S16: 9909144 | T16: محمدرضا | U16: خسروی | V16: 12
A17: =R17*9.5/20+D17*9.5/20+C17/10+B17 -> 0 | D17: =SUM(E17:Q17) -> 0 | S17: 9909514 | T17: سیدسجاد | U17: درخشان | V17: 13
A18: =R18*9.5/20+D18*9.5/20+C18/10+B18 -> 18.1 | C18: 10 | D18: =SUM(E18:Q18) -> 17 | E18: 1 | F18: 1 | G18: 2 | H18: 2 | I18: 0 | J18: 2 | K18: 1 | L18: 2 | M18: 1 | N18: 2 | O18: 1 | P18: 1 | Q18: 1 | R18: 19 | S18: 9910264 | T18: ملیکا | U18: رضوانی | V18: 14
A19: =R19*9.5/20+D19*9.5/20+C19/10+B19 -> 17.3875 | C19: 10 | D19: =SUM(E19:Q19) -> 17 | E19: 1 | F19: 1 | G19: 2 | H19: 2 | I19: 0 | J19: 2 | K19: 2 | L19: 1 | M19: 1 | N19: 2 | O19: 1 | P19: 1 | Q19: 1 | R19: 17.5 | S19: 9910574 | T19: عرفان | U19: زمانی دادانه | V19: 15
A20: =R20*9.5/20+D20*9.5/20+C20/10+B20 -> 15.8625 | C20: 9 | D20: =SUM(E20:Q20) -> 13 | E20: 1 | F20: 1 | G20: 1 | H20: 2 | I20: 0 | J20: 0 | K20: 2 | L20: 0.5 | M20: 0.5 | N20: 2 | O20: 1 | P20: 1 | Q20: 1 | R20: 18.5 | S20: 9913874 | T20: مصطفی | U20: قربانی کهریزسنگی | V20: 16
A21: =R21*9.5/20+D21*9.5/20+C21/10+B21 -> 5.7425 | B21: -2 | C21: 0 | D21: =SUM(E21:Q21) -> 16.3 | E21: 1 | F21: 1 | G21: 1.5 | H21: 2 | I21: 0 | J21: 2 | K21: 2 | L21: 1 | M21: 1 | N21: 2 | O21: 1 | P21: 1 | Q21: 0.8 | R21: 0 | S21: 9904595 | T21: فرزانه | U21: قطب الدینی قاسم اباد | V21: 17
A22: =R22*9.5/20+D22*9.5/20+C22/10+B22 -> 11.825 | C22: 9 | D22: =SUM(E22:Q22) -> 7.5 | E22: 0 | F22: 1 | G22: 1 | H22: 1 | I22: 0 | J22: 0 | K22: 2 | L22: 0.5 | M22: 0.5 | N22: 0 | O22: 1 | P22: 0 | Q22: 0.5 | R22: 15.5 | S22: 9904635 | T22: حامد | U22: قنبری | V22: 18
A23: =R23*9.5/20+D23*9.5/20+C23/10+B23 -> 16.45 | C23: 3 | D23: =SUM(E23:Q23) -> 18 | E23: 1 | F23: 1 | G23: 2 | H23: 1.5 | I23: 2 | J23: 2 | K23: 1 | L23: 1.5 | M23: 1 | N23: 2 | O23: 1 | P23: 1 | Q23: 1 | R23: 16 | S23: 40001445 | T23: علیرضا | U23: کریمی | V23: 19
A24: =R24*9.5/20+D24*9.5/20+C24/10+B24 -> 18.7125 | C24: 9 | D24: =SUM(E24:Q24) -> 17.5 | E24: 1 | F24: 1 | G24: 2 | H24: 1 | I24: 1 | J24: 2 | K24: 2 | L24: 1.5 | M24: 1 | N24: 2 | O24: 1 | P24: 1 | Q24: 1 | R24: 20 | S24: 9933454 | T24: محمدحسین | U24: گیوکاشی | V24: 20
A25: =R25*9.5/20+D25*9.5/20+C25/10+B25 -> 0 | D25: =SUM(E25:Q25) -> 0 | S25: 9904825 | T25: سیدکامبیز | U25: محمودی | V25: 21
A26: =R26*9.5/20+D26*9.5/20+C26/10+B26 -> 18.575 | C26: 10 | D26: =SUM(E26:Q26) -> 18 | E26: 1 | F26: 1 | G26: 2 | H26: 2 | I26: 0 | J26: 2 | K26: 2 | L26: 2 | M26: 1 | N26: 2 | O26: 1 | P26: 1 | Q26: 1 | R26: 19 | S26: 9915864 | T26: امین | U26: منافی سلطان احمدی | V26: 22
A27: =R27*9.5/20+D27*9.5/20+C27/10+B27 -> 18.2425 | C27: 10 | D27: =SUM(E27:Q27) -> 18.3 | E27: 1 | F27: 1 | G27: 2 | H27: 2 | I27: 2 | J27: 2 | K27: 1 | L27: 1.3 | M27: 1 | N27: 2 | O27: 1 | P27: 1 | Q27: 1 | R27: 18 | S27: 9933484 | T27: مهشید | U27: هادی پورهفشجانی | V27: 23
A28: =R28*9.5/20+D28*9.5/20+C28/10+B28 -> 18.1 | C28: 10 | D28: =SUM(E28:Q28) -> 18.5 | E28: 1 | F28: 1 | G28: 2 | H28: 2 | I28: 1.5 | J28: 1.5 | K28: 2 | L28: 1.5 | M28: 1 | N28: 2 | O28: 1 | P28: 1 | Q28: 1 | R28: 17.5 | S28: 9917304 | T28: نگار | U28: هلاکو | V28: 24
A29: =R29*9.5/20+D29*9.5/20+C29/10+B29 -> 20 | C29: 10 | D29: =SUM(E29:Q29) -> 20 | E29: 1 | F29: 1 | G29: 2 | H29: 2 | I29: 2 | J29: 2 | K29: 2 | L29: 2 | M29: 1 | N29: 2 | O29: 1 | P29: 1 | Q29: 1 | R29: 20 | U29: تست
S35: خ+
S36: خ
S37: خ-
S38: م+
S39: م
S40: م-
